nsub,nbloque,trial,distancia,respuesta,condicion_sala
1,3,6,9,2.5,SALA_PARLANTES
1,3,3,3.65,1.5,SALA_PARLANTES
1,3,4,4.9,2,SALA_PARLANTES
1,3,5,6.65,2,SALA_PARLANTES
1,3,2,2.7,1.8,SALA_PARLANTES
1,3,4,4.9,2,SALA_PARLANTES
1,3,2,2.7,1.5,SALA_PARLANTES
1,3,2,2.7,1.5,SALA_PARLANTES
1,3,3,3.65,1.2,SALA_PARLANTES
1,3,3,3.65,1.1,SALA_PARLANTES
1,3,1,2,1,SALA_PARLANTES
1,3,4,4.9,1.8,SALA_PARLANTES
1,3,6,9,2.5,SALA_PARLANTES
1,3,1,2,1.2,SALA_PARLANTES
1,3,6,9,2,SALA_PARLANTES
1,3,1,2,1,SALA_PARLANTES
1,3,5,6.65,1.8,SALA_PARLANTES
1,3,5,6.65,2,SALA_PARLANTES
2,3,6,9,0.4,SALA_PARLANTES
2,3,3,3.65,10,SALA_PARLANTES
2,3,5,6.65,0.1,SALA_PARLANTES
2,3,4,4.9,0.3,SALA_PARLANTES
2,3,4,4.9,0.2,SALA_PARLANTES
2,3,4,4.9,0.3,SALA_PARLANTES
2,3,3,3.65,0.15,SALA_PARLANTES
2,3,5,6.65,0.7,SALA_PARLANTES
2,3,1,2,0.05,SALA_PARLANTES
2,3,5,6.65,0.4,SALA_PARLANTES
2,3,6,9,0.8,SALA_PARLANTES
2,3,3,3.65,0.5,SALA_PARLANTES
2,3,2,2.7,0.2,SALA_PARLANTES
2,3,6,9,0.7,SALA_PARLANTES
2,3,2,2.7,0.3,SALA_PARLANTES
2,3,1,2,0.5,SALA_PARLANTES
2,3,2,2.7,0.17,SALA_PARLANTES
2,3,1,2,0.8,SALA_PARLANTES
3,3,1,2,1,SALA_PARLANTES
3,3,3,3.65,0.3,SALA_PARLANTES
3,3,2,2.7,0.4,SALA_PARLANTES
3,3,5,6.65,0.5,SALA_PARLANTES
3,3,3,3.65,0.3,SALA_PARLANTES
3,3,6,9,1.5,SALA_PARLANTES
3,3,4,4.9,1,SALA_PARLANTES
3,3,5,6.65,1.1,SALA_PARLANTES
3,3,2,2.7,0.7,SALA_PARLANTES
3,3,4,4.9,0.4,SALA_PARLANTES
3,3,6,9,1.5,SALA_PARLANTES
3,3,4,4.9,1.5,SALA_PARLANTES
3,3,6,9,2,SALA_PARLANTES
3,3,2,2.7,0.6,SALA_PARLANTES
3,3,5,6.65,0.8,SALA_PARLANTES
3,3,3,3.65,0.2,SALA_PARLANTES
3,3,1,2,0.1,SALA_PARLANTES
3,3,1,2,0.1,SALA_PARLANTES
4,3,3,3.65,2,SALA_PARLANTES
4,3,1,2,0.5,SALA_PARLANTES
4,3,3,3.65,2,SALA_PARLANTES
4,3,5,6.65,5,SALA_PARLANTES
4,3,3,3.65,2,SALA_PARLANTES
4,3,5,6.65,5,SALA_PARLANTES
4,3,2,2.7,2,SALA_PARLANTES
4,3,1,2,0.6,SALA_PARLANTES
4,3,2,2.7,2,SALA_PARLANTES
4,3,2,2.7,2,SALA_PARLANTES
4,3,4,4.9,5,SALA_PARLANTES
4,3,5,6.65,8,SALA_PARLANTES
4,3,4,4.9,5,SALA_PARLANTES
4,3,4,4.9,2,SALA_PARLANTES
4,3,6,9,10,SALA_PARLANTES
4,3,6,9,10,SALA_PARLANTES
4,3,1,2,0.5,SALA_PARLANTES
4,3,6,9,5,SALA_PARLANTES
6,3,4,4.9,3,SALA_PARLANTES
6,3,4,4.9,3,SALA_PARLANTES
6,3,1,2,2,SALA_PARLANTES
6,3,2,2.7,3,SALA_PARLANTES
6,3,3,3.65,4,SALA_PARLANTES
6,3,5,6.65,5,SALA_PARLANTES
6,3,3,3.65,2,SALA_PARLANTES
6,3,6,9,5,SALA_PARLANTES
6,3,3,3.65,2,SALA_PARLANTES
6,3,2,2.7,2,SALA_PARLANTES
6,3,5,6.65,4,SALA_PARLANTES
6,3,1,2,1,SALA_PARLANTES
6,3,6,9,4,SALA_PARLANTES
6,3,2,2.7,2,SALA_PARLANTES
6,3,6,9,5,SALA_PARLANTES
6,3,4,4.9,4,SALA_PARLANTES
6,3,1,2,1,SALA_PARLANTES
6,3,5,6.65,4,SALA_PARLANTES
7,3,1,2,0.5,SALA_PARLANTES
7,3,4,4.9,1.5,SALA_PARLANTES
7,3,6,9,3,SALA_PARLANTES
7,3,4,4.9,1.5,SALA_PARLANTES
7,3,3,3.65,1,SALA_PARLANTES
7,3,4,4.9,1,SALA_PARLANTES
7,3,6,9,1.5,SALA_PARLANTES
7,3,2,2.7,0.7,SALA_PARLANTES
7,3,1,2,0.5,SALA_PARLANTES
7,3,2,2.7,0.8,SALA_PARLANTES
7,3,6,9,3,SALA_PARLANTES
7,3,5,6.65,2.5,SALA_PARLANTES
7,3,3,3.65,1,SALA_PARLANTES
7,3,1,2,0.6,SALA_PARLANTES
7,3,5,6.65,2,SALA_PARLANTES
7,3,2,2.7,1.4,SALA_PARLANTES
7,3,5,6.65,2,SALA_PARLANTES
7,3,3,3.65,1,SALA_PARLANTES
8,3,4,4.9,3.5,SALA_PARLANTES
8,3,6,9,5,SALA_PARLANTES
8,3,3,3.65,4.5,SALA_PARLANTES
8,3,2,2.7,1.5,SALA_PARLANTES
8,3,1,2,1,SALA_PARLANTES
8,3,5,6.65,5,SALA_PARLANTES
8,3,3,3.65,4,SALA_PARLANTES
8,3,1,2,2,SALA_PARLANTES
8,3,6,9,5.5,SALA_PARLANTES
8,3,4,4.9,5,SALA_PARLANTES
8,3,4,4.9,4.5,SALA_PARLANTES
8,3,5,6.65,5,SALA_PARLANTES
8,3,3,3.65,5,SALA_PARLANTES
8,3,5,6.65,6,SALA_PARLANTES
8,3,6,9,7,SALA_PARLANTES
8,3,2,2.7,1.5,SALA_PARLANTES
8,3,2,2.7,1,SALA_PARLANTES
8,3,1,2,0.5,SALA_PARLANTES
9,3,1,2,1,SALA_PARLANTES
9,3,4,4.9,2,SALA_PARLANTES
9,3,4,4.9,3,SALA_PARLANTES
9,3,2,2.7,3,SALA_PARLANTES
9,3,1,2,1,SALA_PARLANTES
9,3,6,9,4,SALA_PARLANTES
9,3,6,9,5,SALA_PARLANTES
9,3,2,2.7,1,SALA_PARLANTES
9,3,1,2,0.5,SALA_PARLANTES
9,3,3,3.65,2,SALA_PARLANTES
9,3,5,6.65,3,SALA_PARLANTES
9,3,3,3.65,1,SALA_PARLANTES
9,3,3,3.65,2,SALA_PARLANTES
9,3,4,4.9,1,SALA_PARLANTES
9,3,5,6.65,3,SALA_PARLANTES
9,3,2,2.7,1,SALA_PARLANTES
9,3,5,6.65,4,SALA_PARLANTES
9,3,6,9,5,SALA_PARLANTES
10,3,5,6.65,4,SALA_PARLANTES
10,3,6,9,5,SALA_PARLANTES
10,3,3,3.65,3,SALA_PARLANTES
10,3,6,9,4,SALA_PARLANTES
10,3,2,2.7,2,SALA_PARLANTES
10,3,3,3.65,3,SALA_PARLANTES
10,3,1,2,1,SALA_PARLANTES
10,3,1,2,1,SALA_PARLANTES
10,3,4,4.9,3,SALA_PARLANTES
10,3,5,6.65,5,SALA_PARLANTES
10,3,2,2.7,2,SALA_PARLANTES
10,3,4,4.9,4,SALA_PARLANTES
10,3,2,2.7,2,SALA_PARLANTES
10,3,1,2,1,SALA_PARLANTES
10,3,3,3.65,3,SALA_PARLANTES
10,3,5,6.65,4,SALA_PARLANTES
10,3,6,9,5,SALA_PARLANTES
10,3,4,4.9,4,SALA_PARLANTES
11,3,5,6.65,6,SALA_PARLANTES
11,3,4,4.9,3,SALA_PARLANTES
11,3,1,2,1,SALA_PARLANTES
11,3,4,4.9,2,SALA_PARLANTES
11,3,3,3.65,1.5,SALA_PARLANTES
11,3,3,3.65,2,SALA_PARLANTES
11,3,5,6.65,4,SALA_PARLANTES
11,3,6,9,6,SALA_PARLANTES
11,3,6,9,7,SALA_PARLANTES
11,3,3,3.65,3,SALA_PARLANTES
11,3,6,9,5,SALA_PARLANTES
11,3,1,2,0.5,SALA_PARLANTES
11,3,1,2,1,SALA_PARLANTES
11,3,2,2.7,2,SALA_PARLANTES
11,3,5,6.65,4,SALA_PARLANTES
11,3,4,4.9,3,SALA_PARLANTES
11,3,2,2.7,2,SALA_PARLANTES
11,3,2,2.7,1.5,SALA_PARLANTES
12,1,5,6.65,1.2,SALA_GRANDE
12,1,6,9,1.5,SALA_GRANDE
12,1,2,2.7,0.5,SALA_GRANDE
12,1,3,3.65,0.5,SALA_GRANDE
12,1,1,2,0.4,SALA_GRANDE
12,1,6,9,0.8,SALA_GRANDE
12,1,4,4.9,1,SALA_GRANDE
12,1,1,2,0.5,SALA_GRANDE
12,1,2,2.7,1,SALA_GRANDE
12,1,4,4.9,0.5,SALA_GRANDE
12,1,2,2.7,0.5,SALA_GRANDE
12,1,1,2,0.4,SALA_GRANDE
12,1,3,3.65,1.2,SALA_GRANDE
12,1,5,6.65,1.5,SALA_GRANDE
12,1,4,4.9,1,SALA_GRANDE
12,1,5,6.65,1.2,SALA_GRANDE
12,1,3,3.65,1,SALA_GRANDE
12,1,6,9,2,SALA_GRANDE
12,2,5,6.65,1,SALA_CHICA
12,2,6,9,1.6,SALA_CHICA
12,2,5,6.65,1.2,SALA_CHICA
12,2,3,3.65,0.8,SALA_CHICA
12,2,4,4.9,0.5,SALA_CHICA
12,2,6,9,1.2,SALA_CHICA
12,2,4,4.9,1,SALA_CHICA
12,2,2,2.7,0.8,SALA_CHICA
12,2,3,3.65,0.5,SALA_CHICA
12,2,1,2,0.3,SALA_CHICA
12,2,1,2,0.25,SALA_CHICA
12,2,4,4.9,0.8,SALA_CHICA
12,2,2,2.7,0.5,SALA_CHICA
12,2,5,6.65,1.2,SALA_CHICA
12,2,2,2.7,1,SALA_CHICA
12,2,3,3.65,1.2,SALA_CHICA
12,2,6,9,1.6,SALA_CHICA
12,2,1,2,1,SALA_CHICA
21,1,2,2.7,5,SALA_CHICA
21,1,3,3.65,5.1,SALA_CHICA
21,1,1,2,2,SALA_CHICA
21,1,6,9,5.5,SALA_CHICA
21,1,1,2,1.5,SALA_CHICA
21,1,2,2.7,2.5,SALA_CHICA
21,1,5,6.65,6,SALA_CHICA
21,1,3,3.65,4,SALA_CHICA
21,1,2,2.7,2,SALA_CHICA
21,1,4,4.9,2.5,SALA_CHICA
21,1,1,2,1,SALA_CHICA
21,1,5,6.65,3,SALA_CHICA
21,1,3,3.65,3.5,SALA_CHICA
21,1,6,9,5,SALA_CHICA
21,1,4,4.9,3,SALA_CHICA
21,1,6,9,5,SALA_CHICA
21,1,5,6.65,4,SALA_CHICA
21,1,4,4.9,2,SALA_CHICA
21,2,6,9,2.5,SALA_GRANDE
21,2,4,4.9,1.1,SALA_GRANDE
21,2,5,6.65,2.5,SALA_GRANDE
21,2,1,2,0.5,SALA_GRANDE
21,2,1,2,0.5,SALA_GRANDE
21,2,6,9,2.5,SALA_GRANDE
21,2,4,4.9,1.5,SALA_GRANDE
21,2,6,9,3,SALA_GRANDE
21,2,2,2.7,0.7,SALA_GRANDE
21,2,5,6.65,1.5,SALA_GRANDE
21,2,3,3.65,2,SALA_GRANDE
21,2,1,2,0.8,SALA_GRANDE
21,2,4,4.9,0.5,SALA_GRANDE
21,2,2,2.7,0.5,SALA_GRANDE
21,2,3,3.65,2,SALA_GRANDE
21,2,5,6.65,3,SALA_GRANDE
21,2,3,3.65,1,SALA_GRANDE
21,2,2,2.7,1,SALA_GRANDE
22,1,3,3.65,8,SALA_GRANDE
22,1,3,3.65,5,SALA_GRANDE
22,1,6,9,9,SALA_GRANDE
22,1,2,2.7,5,SALA_GRANDE
22,1,5,6.65,8,SALA_GRANDE
22,1,1,2,0.5,SALA_GRANDE
22,1,2,2.7,1,SALA_GRANDE
22,1,5,6.65,6,SALA_GRANDE
22,1,2,2.7,3,SALA_GRANDE
22,1,1,2,1,SALA_GRANDE
22,1,4,4.9,11,SALA_GRANDE
22,1,5,6.65,10,SALA_GRANDE
22,1,6,9,11,SALA_GRANDE
22,1,1,2,5,SALA_GRANDE
22,1,4,4.9,11,SALA_GRANDE
22,1,4,4.9,9,SALA_GRANDE
22,1,3,3.65,10,SALA_GRANDE
22,1,6,9,12,SALA_GRANDE
22,2,4,4.9,3,SALA_CHICA
22,2,5,6.65,5,SALA_CHICA
22,2,1,2,1,SALA_CHICA
22,2,2,2.7,2,SALA_CHICA
22,2,3,3.65,6,SALA_CHICA
22,2,6,9,10,SALA_CHICA
22,2,3,3.65,11,SALA_CHICA
22,2,2,2.7,4,SALA_CHICA
22,2,1,2,0.5,SALA_CHICA
22,2,6,9,6,SALA_CHICA
22,2,3,3.65,3,SALA_CHICA
22,2,4,4.9,7,SALA_CHICA
22,2,2,2.7,5,SALA_CHICA
22,2,4,4.9,7,SALA_CHICA
22,2,1,2,2,SALA_CHICA
22,2,6,9,12,SALA_CHICA
22,2,5,6.65,12,SALA_CHICA
22,2,5,6.65,10,SALA_CHICA
23,1,4,4.9,10,SALA_CHICA
23,1,4,4.9,8,SALA_CHICA
23,1,3,3.65,4,SALA_CHICA
23,1,6,9,10,SALA_CHICA
23,1,6,9,4,SALA_CHICA
23,1,5,6.65,2,SALA_CHICA
23,1,4,4.9,1,SALA_CHICA
23,1,3,3.65,1,SALA_CHICA
23,1,1,2,0.5,SALA_CHICA
23,1,6,9,4,SALA_CHICA
23,1,5,6.65,8,SALA_CHICA
23,1,2,2.7,3,SALA_CHICA
23,1,3,3.65,8,SALA_CHICA
23,1,2,2.7,10,SALA_CHICA
23,1,1,2,0.5,SALA_CHICA
23,1,2,2.7,3,SALA_CHICA
23,1,1,2,0.5,SALA_CHICA
23,1,5,6.65,5,SALA_CHICA
23,2,5,6.65,5,SALA_GRANDE
23,2,6,9,6,SALA_GRANDE
23,2,1,2,0.5,SALA_GRANDE
23,2,6,9,8,SALA_GRANDE
23,2,2,2.7,0.5,SALA_GRANDE
23,2,5,6.65,8,SALA_GRANDE
23,2,6,9,6,SALA_GRANDE
23,2,4,4.9,3,SALA_GRANDE
23,2,3,3.65,3,SALA_GRANDE
23,2,5,6.65,5,SALA_GRANDE
23,2,2,2.7,1,SALA_GRANDE
23,2,4,4.9,4,SALA_GRANDE
23,2,3,3.65,4,SALA_GRANDE
23,2,3,3.65,5,SALA_GRANDE
23,2,1,2,1,SALA_GRANDE
23,2,4,4.9,4,SALA_GRANDE
23,2,1,2,1,SALA_GRANDE
23,2,2,2.7,3,SALA_GRANDE
24,1,5,6.65,2,SALA_GRANDE
24,1,6,9,3,SALA_GRANDE
24,1,4,4.9,1,SALA_GRANDE
24,1,1,2,0.5,SALA_GRANDE
24,1,5,6.65,1.5,SALA_GRANDE
24,1,2,2.7,1,SALA_GRANDE
24,1,6,9,2,SALA_GRANDE
24,1,3,3.65,1,SALA_GRANDE
24,1,1,2,0.5,SALA_GRANDE
24,1,1,2,0.3,SALA_GRANDE
24,1,4,4.9,1,SALA_GRANDE
24,1,5,6.65,1.5,SALA_GRANDE
24,1,3,3.65,1,SALA_GRANDE
24,1,4,4.9,1,SALA_GRANDE
24,1,2,2.7,1.5,SALA_GRANDE
24,1,3,3.65,1,SALA_GRANDE
24,1,6,9,2,SALA_GRANDE
24,1,2,2.7,1,SALA_GRANDE
24,2,1,2,0.9,SALA_CHICA
24,2,2,2.7,1,SALA_CHICA
24,2,1,2,0.5,SALA_CHICA
24,2,2,2.7,1,SALA_CHICA
24,2,5,6.65,2,SALA_CHICA
24,2,3,3.65,1.5,SALA_CHICA
24,2,4,4.9,1,SALA_CHICA
24,2,2,2.7,0.5,SALA_CHICA
24,2,6,9,2,SALA_CHICA
24,2,6,9,2,SALA_CHICA
24,2,5,6.65,1,SALA_CHICA
24,2,3,3.65,1,SALA_CHICA
24,2,1,2,0.5,SALA_CHICA
24,2,5,6.65,1.5,SALA_CHICA
24,2,4,4.9,1,SALA_CHICA
24,2,6,9,2,SALA_CHICA
24,2,3,3.65,1,SALA_CHICA
24,2,4,4.9,0.9,SALA_CHICA
25,1,6,9,4,SALA_CHICA
25,1,5,6.65,3.5,SALA_CHICA
25,1,3,3.65,2.5,SALA_CHICA
25,1,4,4.9,2,SALA_CHICA
25,1,6,9,5,SALA_CHICA
25,1,5,6.65,4,SALA_CHICA
25,1,6,9,5.5,SALA_CHICA
25,1,4,4.9,2,SALA_CHICA
25,1,4,4.9,0.3,SALA_CHICA
25,1,1,2,0.15,SALA_CHICA
25,1,1,2,0.2,SALA_CHICA
25,1,3,3.65,2,SALA_CHICA
25,1,1,2,1,SALA_CHICA
25,1,2,2.7,2.5,SALA_CHICA
25,1,3,3.65,3,SALA_CHICA
25,1,2,2.7,1.5,SALA_CHICA
25,1,5,6.65,4,SALA_CHICA
25,1,2,2.7,0.5,SALA_CHICA
25,2,1,2,0.3,SALA_GRANDE
25,2,1,2,0.2,SALA_GRANDE
25,2,6,9,2,SALA_GRANDE
25,2,5,6.65,2.5,SALA_GRANDE
25,2,2,2.7,1.5,SALA_GRANDE
25,2,2,2.7,2,SALA_GRANDE
25,2,4,4.9,3,SALA_GRANDE
25,2,3,3.65,4,SALA_GRANDE
25,2,5,6.65,4,SALA_GRANDE
25,2,4,4.9,3,SALA_GRANDE
25,2,6,9,5,SALA_GRANDE
25,2,2,2.7,1,SALA_GRANDE
25,2,3,3.65,3.5,SALA_GRANDE
25,2,5,6.65,5.5,SALA_GRANDE
25,2,3,3.65,1.5,SALA_GRANDE
25,2,1,2,0.2,SALA_GRANDE
25,2,4,4.9,2,SALA_GRANDE
25,2,6,9,5,SALA_GRANDE
26,1,1,2,0.6,SALA_GRANDE
26,1,4,4.9,1.2,SALA_GRANDE
26,1,2,2.7,0.8,SALA_GRANDE
26,1,4,4.9,1.3,SALA_GRANDE
26,1,6,9,2,SALA_GRANDE
26,1,5,6.65,2.5,SALA_GRANDE
26,1,5,6.65,3,SALA_GRANDE
26,1,4,4.9,1,SALA_GRANDE
26,1,1,2,0.4,SALA_GRANDE
26,1,6,9,1.2,SALA_GRANDE
26,1,3,3.65,1,SALA_GRANDE
26,1,6,9,2,SALA_GRANDE
26,1,2,2.7,0.6,SALA_GRANDE
26,1,2,2.7,0.6,SALA_GRANDE
26,1,5,6.65,2.5,SALA_GRANDE
26,1,1,2,0.4,SALA_GRANDE
26,1,3,3.65,1,SALA_GRANDE
26,1,3,3.65,1.2,SALA_GRANDE
26,2,1,2,0.4,SALA_CHICA
26,2,2,2.7,0.6,SALA_CHICA
26,2,1,2,0.4,SALA_CHICA
26,2,3,3.65,1,SALA_CHICA
26,2,6,9,2,SALA_CHICA
26,2,3,3.65,2,SALA_CHICA
26,2,2,2.7,1,SALA_CHICA
26,2,3,3.65,1.2,SALA_CHICA
26,2,6,9,1.2,SALA_CHICA
26,2,1,2,0.6,SALA_CHICA
26,2,4,4.9,1.2,SALA_CHICA
26,2,4,4.9,1.5,SALA_CHICA
26,2,5,6.65,2,SALA_CHICA
26,2,4,4.9,2,SALA_CHICA
26,2,6,9,2.5,SALA_CHICA
26,2,2,2.7,1,SALA_CHICA
26,2,5,6.65,2,SALA_CHICA
26,2,5,6.65,2.5,SALA_CHICA
27,1,2,2.7,2.5,SALA_CHICA
27,1,2,2.7,2.5,SALA_CHICA
27,1,4,4.9,3,SALA_CHICA
27,1,6,9,4,SALA_CHICA
27,1,5,6.65,4.25,SALA_CHICA
27,1,5,6.65,3.5,SALA_CHICA
27,1,6,9,4,SALA_CHICA
27,1,6,9,4.25,SALA_CHICA
27,1,3,3.65,2,SALA_CHICA
27,1,1,2,1.5,SALA_CHICA
27,1,4,4.9,2.5,SALA_CHICA
27,1,3,3.65,3,SALA_CHICA
27,1,1,2,1.5,SALA_CHICA
27,1,1,2,1,SALA_CHICA
27,1,5,6.65,4.5,SALA_CHICA
27,1,4,4.9,5,SALA_CHICA
27,1,2,2.7,2,SALA_CHICA
27,1,3,3.65,3,SALA_CHICA
27,2,5,6.65,4.5,SALA_GRANDE
27,2,4,4.9,2.5,SALA_GRANDE
27,2,1,2,1,SALA_GRANDE
27,2,2,2.7,1,SALA_GRANDE
27,2,5,6.65,5,SALA_GRANDE
27,2,3,3.65,2,SALA_GRANDE
27,2,4,4.9,3,SALA_GRANDE
27,2,1,2,0.5,SALA_GRANDE
27,2,5,6.65,4,SALA_GRANDE
27,2,4,4.9,3,SALA_GRANDE
27,2,3,3.65,2.5,SALA_GRANDE
27,2,2,2.7,2,SALA_GRANDE
27,2,3,3.65,3,SALA_GRANDE
27,2,6,9,5,SALA_GRANDE
27,2,2,2.7,1.5,SALA_GRANDE
27,2,6,9,5.5,SALA_GRANDE
27,2,1,2,0.5,SALA_GRANDE
27,2,6,9,5.5,SALA_GRANDE
28,1,3,3.65,3,SALA_GRANDE
28,1,5,6.65,4,SALA_GRANDE
28,1,4,4.9,5,SALA_GRANDE
28,1,3,3.65,5,SALA_GRANDE
28,1,4,4.9,6,SALA_GRANDE
28,1,4,4.9,6,SALA_GRANDE
28,1,1,2,2,SALA_GRANDE
28,1,1,2,2,SALA_GRANDE
28,1,1,2,2,SALA_GRANDE
28,1,2,2.7,3,SALA_GRANDE
28,1,6,9,6,SALA_GRANDE
28,1,6,9,7,SALA_GRANDE
28,1,2,2.7,5,SALA_GRANDE
28,1,5,6.65,6,SALA_GRANDE
28,1,3,3.65,5,SALA_GRANDE
28,1,6,9,7,SALA_GRANDE
28,1,2,2.7,6,SALA_GRANDE
28,1,5,6.65,7,SALA_GRANDE
28,2,5,6.65,2,SALA_CHICA
28,2,6,9,3,SALA_CHICA
28,2,3,3.65,2,SALA_CHICA
28,2,1,2,1,SALA_CHICA
28,2,4,4.9,1,SALA_CHICA
28,2,5,6.65,3,SALA_CHICA
28,2,2,2.7,2,SALA_CHICA
28,2,1,2,1,SALA_CHICA
28,2,3,3.65,2,SALA_CHICA
28,2,1,2,1,SALA_CHICA
28,2,4,4.9,2,SALA_CHICA
28,2,2,2.7,2,SALA_CHICA
28,2,5,6.65,3,SALA_CHICA
28,2,6,9,4,SALA_CHICA
28,2,4,4.9,3,SALA_CHICA
28,2,2,2.7,2,SALA_CHICA
28,2,6,9,3,SALA_CHICA
28,2,3,3.65,2,SALA_CHICA
29,1,4,4.9,1,SALA_CHICA
29,1,1,2,0.5,SALA_CHICA
29,1,4,4.9,2,SALA_CHICA
29,1,4,4.9,2.5,SALA_CHICA
29,1,2,2.7,1,SALA_CHICA
29,1,1,2,0.5,SALA_CHICA
29,1,5,6.65,3,SALA_CHICA
29,1,3,3.65,3,SALA_CHICA
29,1,2,2.7,1,SALA_CHICA
29,1,3,3.65,2,SALA_CHICA
29,1,2,2.7,2,SALA_CHICA
29,1,5,6.65,3,SALA_CHICA
29,1,6,9,4,SALA_CHICA
29,1,6,9,4.5,SALA_CHICA
29,1,3,3.65,3,SALA_CHICA
29,1,1,2,1,SALA_CHICA
29,1,5,6.65,3,SALA_CHICA
29,1,6,9,4,SALA_CHICA
29,2,6,9,2,SALA_GRANDE
29,2,4,4.9,1,SALA_GRANDE
29,2,3,3.65,2,SALA_GRANDE
29,2,6,9,3,SALA_GRANDE
29,2,6,9,4,SALA_GRANDE
29,2,2,2.7,2,SALA_GRANDE
29,2,2,2.7,2,SALA_GRANDE
29,2,3,3.65,3,SALA_GRANDE
29,2,5,6.65,3,SALA_GRANDE
29,2,5,6.65,3,SALA_GRANDE
29,2,1,2,0.5,SALA_GRANDE
29,2,4,4.9,1,SALA_GRANDE
29,2,1,2,0.5,SALA_GRANDE
29,2,2,2.7,1,SALA_GRANDE
29,2,5,6.65,2,SALA_GRANDE
29,2,1,2,1,SALA_GRANDE
29,2,4,4.9,2,SALA_GRANDE
29,2,3,3.65,2,SALA_GRANDE
30,1,5,6.65,3,SALA_GRANDE
30,1,1,2,0.5,SALA_GRANDE
30,1,5,6.65,2,SALA_GRANDE
30,1,2,2.7,1,SALA_GRANDE
30,1,6,9,2,SALA_GRANDE
30,1,6,9,3,SALA_GRANDE
30,1,2,2.7,0.8,SALA_GRANDE
30,1,3,3.65,1,SALA_GRANDE
30,1,3,3.65,3,SALA_GRANDE
30,1,6,9,4,SALA_GRANDE
30,1,4,4.9,4,SALA_GRANDE
30,1,3,3.65,2,SALA_GRANDE
30,1,4,4.9,2,SALA_GRANDE
30,1,5,6.65,3,SALA_GRANDE
30,1,2,2.7,1,SALA_GRANDE
30,1,1,2,0.5,SALA_GRANDE
30,1,4,4.9,2,SALA_GRANDE
30,1,1,2,0.5,SALA_GRANDE
30,2,5,6.65,2,SALA_CHICA
30,2,4,4.9,1,SALA_CHICA
30,2,6,9,2,SALA_CHICA
30,2,4,4.9,1.2,SALA_CHICA
30,2,2,2.7,0.7,SALA_CHICA
30,2,1,2,0.3,SALA_CHICA
30,2,2,2.7,0.7,SALA_CHICA
30,2,6,9,2,SALA_CHICA
30,2,3,3.65,2,SALA_CHICA
30,2,1,2,0.5,SALA_CHICA
30,2,4,4.9,1.5,SALA_CHICA
30,2,2,2.7,1,SALA_CHICA
30,2,3,3.65,1,SALA_CHICA
30,2,1,2,0.3,SALA_CHICA
30,2,5,6.65,2,SALA_CHICA
30,2,3,3.65,2,SALA_CHICA
30,2,5,6.65,2.3,SALA_CHICA
30,2,6,9,2.5,SALA_CHICA
13,1,6,9,4,SALA_CHICA
13,1,6,9,4,SALA_CHICA
13,1,3,3.65,1,SALA_CHICA
13,1,4,4.9,1,SALA_CHICA
13,1,5,6.65,2,SALA_CHICA
13,1,2,2.7,1,SALA_CHICA
13,1,6,9,2,SALA_CHICA
13,1,1,2,1,SALA_CHICA
13,1,4,4.9,1,SALA_CHICA
13,1,2,2.7,1,SALA_CHICA
13,1,1,2,1,SALA_CHICA
13,1,1,2,1,SALA_CHICA
13,1,3,3.65,1,SALA_CHICA
13,1,5,6.65,4,SALA_CHICA
13,1,2,2.7,1,SALA_CHICA
13,1,3,3.65,1,SALA_CHICA
13,1,4,4.9,2,SALA_CHICA
13,1,5,6.65,4,SALA_CHICA
13,2,4,4.9,1,SALA_GRANDE
13,2,6,9,3,SALA_GRANDE
13,2,2,2.7,1,SALA_GRANDE
13,2,2,2.7,1,SALA_GRANDE
13,2,5,6.65,2,SALA_GRANDE
13,2,4,4.9,1,SALA_GRANDE
13,2,2,2.7,1,SALA_GRANDE
13,2,5,6.65,2,SALA_GRANDE
13,2,6,9,4,SALA_GRANDE
13,2,1,2,1,SALA_GRANDE
13,2,3,3.65,2,SALA_GRANDE
13,2,3,3.65,2,SALA_GRANDE
13,2,6,9,4,SALA_GRANDE
13,2,5,6.65,3,SALA_GRANDE
13,2,1,2,1,SALA_GRANDE
13,2,1,2,1,SALA_GRANDE
13,2,4,4.9,2,SALA_GRANDE
13,2,3,3.65,1,SALA_GRANDE
31,1,6,9,2,SALA_CHICA
31,1,1,2,0.3,SALA_CHICA
31,1,3,3.65,0.2,SALA_CHICA
31,1,2,2.7,0.2,SALA_CHICA
31,1,1,2,0.1,SALA_CHICA
31,1,5,6.65,0.5,SALA_CHICA
31,1,3,3.65,0.3,SALA_CHICA
31,1,4,4.9,0.5,SALA_CHICA
31,1,3,3.65,0.3,SALA_CHICA
31,1,4,4.9,0.3,SALA_CHICA
31,1,2,2.7,0.1,SALA_CHICA
31,1,6,9,0.3,SALA_CHICA
31,1,1,2,0.1,SALA_CHICA
31,1,6,9,0.5,SALA_CHICA
31,1,4,4.9,0.3,SALA_CHICA
31,1,2,2.7,0.1,SALA_CHICA
31,1,5,6.65,0.5,SALA_CHICA
31,1,5,6.65,0.4,SALA_CHICA
31,2,4,4.9,0.5,SALA_GRANDE
31,2,2,2.7,0.3,SALA_GRANDE
31,2,6,9,1.5,SALA_GRANDE
31,2,3,3.65,1,SALA_GRANDE
31,2,5,6.65,1.5,SALA_GRANDE
31,2,4,4.9,0.5,SALA_GRANDE
31,2,5,6.65,1,SALA_GRANDE
31,2,1,2,0.2,SALA_GRANDE
31,2,5,6.65,2,SALA_GRANDE
31,2,3,3.65,0.5,SALA_GRANDE
31,2,4,4.9,0.5,SALA_GRANDE
31,2,2,2.7,0.3,SALA_GRANDE
31,2,2,2.7,0.3,SALA_GRANDE
31,2,6,9,2,SALA_GRANDE
31,2,1,2,0.2,SALA_GRANDE
31,2,1,2,0.2,SALA_GRANDE
31,2,6,9,2,SALA_GRANDE
31,2,3,3.65,1.5,SALA_GRANDE
32,1,1,2,0.5,SALA_GRANDE
32,1,3,3.65,1,SALA_GRANDE
32,1,2,2.7,1,SALA_GRANDE
32,1,2,2.7,1,SALA_GRANDE
32,1,6,9,4,SALA_GRANDE
32,1,1,2,0.3,SALA_GRANDE
32,1,2,2.7,1,SALA_GRANDE
32,1,4,4.9,3,SALA_GRANDE
32,1,6,9,4,SALA_GRANDE
32,1,3,3.65,2,SALA_GRANDE
32,1,3,3.65,3,SALA_GRANDE
32,1,5,6.65,5,SALA_GRANDE
32,1,5,6.65,6,SALA_GRANDE
32,1,5,6.65,5,SALA_GRANDE
32,1,4,4.9,2,SALA_GRANDE
32,1,6,9,4,SALA_GRANDE
32,1,4,4.9,2,SALA_GRANDE
32,1,1,2,0.5,SALA_GRANDE
32,2,4,4.9,3,SALA_CHICA
32,2,6,9,4,SALA_CHICA
32,2,1,2,0.3,SALA_CHICA
32,2,2,2.7,1,SALA_CHICA
32,2,1,2,1,SALA_CHICA
32,2,3,3.65,3,SALA_CHICA
32,2,3,3.65,4,SALA_CHICA
32,2,5,6.65,5,SALA_CHICA
32,2,6,9,4,SALA_CHICA
32,2,1,2,0.5,SALA_CHICA
32,2,5,6.65,4,SALA_CHICA
32,2,5,6.65,5,SALA_CHICA
32,2,2,2.7,1,SALA_CHICA
32,2,3,3.65,2,SALA_CHICA
32,2,6,9,4,SALA_CHICA
32,2,2,2.7,1,SALA_CHICA
32,2,4,4.9,3,SALA_CHICA
32,2,4,4.9,3,SALA_CHICA
14,1,1,2,0.5,SALA_GRANDE
14,1,3,3.65,1.5,SALA_GRANDE
14,1,2,2.7,2,SALA_GRANDE
14,1,5,6.65,3,SALA_GRANDE
14,1,3,3.65,2,SALA_GRANDE
14,1,4,4.9,2,SALA_GRANDE
14,1,5,6.65,3,SALA_GRANDE
14,1,1,2,0.5,SALA_GRANDE
14,1,4,4.9,2,SALA_GRANDE
14,1,6,9,3,SALA_GRANDE
14,1,5,6.65,5,SALA_GRANDE
14,1,6,9,3.5,SALA_GRANDE
14,1,2,2.7,1,SALA_GRANDE
14,1,6,9,3,SALA_GRANDE
14,1,2,2.7,1,SALA_GRANDE
14,1,1,2,0.5,SALA_GRANDE
14,1,3,3.65,2,SALA_GRANDE
14,1,4,4.9,2,SALA_GRANDE
14,2,6,9,1,SALA_CHICA
14,2,1,2,0.5,SALA_CHICA
14,2,1,2,0.5,SALA_CHICA
14,2,2,2.7,1,SALA_CHICA
14,2,4,4.9,1.5,SALA_CHICA
14,2,2,2.7,1,SALA_CHICA
14,2,5,6.65,2,SALA_CHICA
14,2,4,4.9,1.5,SALA_CHICA
14,2,6,9,2,SALA_CHICA
14,2,6,9,3,SALA_CHICA
14,2,3,3.65,1,SALA_CHICA
14,2,3,3.65,1,SALA_CHICA
14,2,1,2,0.5,SALA_CHICA
14,2,2,2.7,1,SALA_CHICA
14,2,5,6.65,1.5,SALA_CHICA
14,2,4,4.9,1,SALA_CHICA
14,2,3,3.65,1,SALA_CHICA
14,2,5,6.65,2,SALA_CHICA
15,1,2,2.7,1,SALA_CHICA
15,1,2,2.7,0.45,SALA_CHICA
15,1,4,4.9,0.5,SALA_CHICA
15,1,6,9,1.2,SALA_CHICA
15,1,5,6.65,1.5,SALA_CHICA
15,1,4,4.9,1.5,SALA_CHICA
15,1,4,4.9,1.1,SALA_CHICA
15,1,6,9,1.4,SALA_CHICA
15,1,6,9,0.4,SALA_CHICA
15,1,5,6.65,0.5,SALA_CHICA
15,1,1,2,0.2,SALA_CHICA
15,1,2,2.7,0.3,SALA_CHICA
15,1,3,3.65,1,SALA_CHICA
15,1,1,2,0.5,SALA_CHICA
15,1,3,3.65,1.15,SALA_CHICA
15,1,1,2,0.4,SALA_CHICA
15,1,5,6.65,1.6,SALA_CHICA
15,1,3,3.65,1.55,SALA_CHICA
15,2,1,2,0.3,SALA_GRANDE
15,2,4,4.9,0.5,SALA_GRANDE
15,2,6,9,1.4,SALA_GRANDE
15,2,5,6.65,2,SALA_GRANDE
15,2,2,2.7,2.1,SALA_GRANDE
15,2,4,4.9,2.2,SALA_GRANDE
15,2,5,6.65,2.4,SALA_GRANDE
15,2,1,2,2.1,SALA_GRANDE
15,2,3,3.65,1.5,SALA_GRANDE
15,2,2,2.7,1.4,SALA_GRANDE
15,2,6,9,2,SALA_GRANDE
15,2,5,6.65,2.15,SALA_GRANDE
15,2,3,3.65,2.25,SALA_GRANDE
15,2,3,3.65,2.25,SALA_GRANDE
15,2,4,4.9,2.25,SALA_GRANDE
15,2,2,2.7,2.5,SALA_GRANDE
15,2,1,2,2.5,SALA_GRANDE
15,2,6,9,3,SALA_GRANDE
16,1,3,3.65,2,SALA_GRANDE
16,1,3,3.65,2,SALA_GRANDE
16,1,6,9,2.5,SALA_GRANDE
16,1,3,3.65,2.5,SALA_GRANDE
16,1,2,2.7,1.5,SALA_GRANDE
16,1,4,4.9,2,SALA_GRANDE
16,1,4,4.9,2,SALA_GRANDE
16,1,5,6.65,3,SALA_GRANDE
16,1,5,6.65,2,SALA_GRANDE
16,1,1,2,1,SALA_GRANDE
16,1,2,2.7,1,SALA_GRANDE
16,1,4,4.9,1,SALA_GRANDE
16,1,1,2,1,SALA_GRANDE
16,1,1,2,1,SALA_GRANDE
16,1,5,6.65,3,SALA_GRANDE
16,1,2,2.7,1,SALA_GRANDE
16,1,6,9,4,SALA_GRANDE
16,1,6,9,4,SALA_GRANDE
16,2,3,3.65,2,SALA_CHICA
16,2,4,4.9,2,SALA_CHICA
16,2,6,9,3,SALA_CHICA
16,2,3,3.65,2,SALA_CHICA
16,2,5,6.65,3,SALA_CHICA
16,2,6,9,3,SALA_CHICA
16,2,1,2,1,SALA_CHICA
16,2,1,2,1,SALA_CHICA
16,2,1,2,1,SALA_CHICA
16,2,2,2.7,1,SALA_CHICA
16,2,5,6.65,3,SALA_CHICA
16,2,6,9,3,SALA_CHICA
16,2,4,4.9,2,SALA_CHICA
16,2,2,2.7,1,SALA_CHICA
16,2,2,2.7,1,SALA_CHICA
16,2,5,6.65,3,SALA_CHICA
16,2,4,4.9,2,SALA_CHICA
16,2,3,3.65,2,SALA_CHICA
17,1,4,4.9,1,SALA_CHICA
17,1,6,9,2,SALA_CHICA
17,1,2,2.7,0.5,SALA_CHICA
17,1,3,3.65,0.75,SALA_CHICA
17,1,5,6.65,2,SALA_CHICA
17,1,1,2,0.25,SALA_CHICA
17,1,6,9,2.5,SALA_CHICA
17,1,4,4.9,1,SALA_CHICA
17,1,3,3.65,1,SALA_CHICA
17,1,5,6.65,1.5,SALA_CHICA
17,1,2,2.7,0.5,SALA_CHICA
17,1,1,2,0.25,SALA_CHICA
17,1,3,3.65,0.75,SALA_CHICA
17,1,1,2,0.25,SALA_CHICA
17,1,6,9,2,SALA_CHICA
17,1,2,2.7,0.5,SALA_CHICA
17,1,5,6.65,1.5,SALA_CHICA
17,1,4,4.9,1,SALA_CHICA
17,2,4,4.9,0.5,SALA_GRANDE
17,2,5,6.65,1.5,SALA_GRANDE
17,2,3,3.65,0.75,SALA_GRANDE
17,2,5,6.65,2,SALA_GRANDE
17,2,5,6.65,3.5,SALA_GRANDE
17,2,2,2.7,0.25,SALA_GRANDE
17,2,2,2.7,0.5,SALA_GRANDE
17,2,6,9,1.5,SALA_GRANDE
17,2,1,2,0.25,SALA_GRANDE
17,2,1,2,0.25,SALA_GRANDE
17,2,4,4.9,2,SALA_GRANDE
17,2,6,9,2.5,SALA_GRANDE
17,2,2,2.7,1,SALA_GRANDE
17,2,3,3.65,1.5,SALA_GRANDE
17,2,6,9,2,SALA_GRANDE
17,2,3,3.65,1,SALA_GRANDE
17,2,4,4.9,0.75,SALA_GRANDE
17,2,1,2,0.25,SALA_GRANDE
18,1,5,6.65,1,SALA_GRANDE
18,1,3,3.65,0.5,SALA_GRANDE
18,1,1,2,0.5,SALA_GRANDE
18,1,6,9,2,SALA_GRANDE
18,1,6,9,2,SALA_GRANDE
18,1,1,2,1,SALA_GRANDE
18,1,5,6.65,1.5,SALA_GRANDE
18,1,2,2.7,0.8,SALA_GRANDE
18,1,5,6.65,3,SALA_GRANDE
18,1,2,2.7,1.5,SALA_GRANDE
18,1,3,3.65,1,SALA_GRANDE
18,1,4,4.9,1,SALA_GRANDE
18,1,2,2.7,0.5,SALA_GRANDE
18,1,4,4.9,3,SALA_GRANDE
18,1,1,2,1,SALA_GRANDE
18,1,6,9,4,SALA_GRANDE
18,1,3,3.65,2,SALA_GRANDE
18,1,4,4.9,1.5,SALA_GRANDE
18,2,5,6.65,5.5,SALA_CHICA
18,2,3,3.65,3,SALA_CHICA
18,2,6,9,4,SALA_CHICA
18,2,6,9,2.5,SALA_CHICA
18,2,2,2.7,1,SALA_CHICA
18,2,4,4.9,3,SALA_CHICA
18,2,1,2,1,SALA_CHICA
18,2,4,4.9,4,SALA_CHICA
18,2,5,6.65,6,SALA_CHICA
18,2,1,2,2,SALA_CHICA
18,2,3,3.65,3,SALA_CHICA
18,2,3,3.65,4,SALA_CHICA
18,2,5,6.65,5,SALA_CHICA
18,2,1,2,1,SALA_CHICA
18,2,4,4.9,3,SALA_CHICA
18,2,2,2.7,2,SALA_CHICA
18,2,6,9,4,SALA_CHICA
18,2,2,2.7,1,SALA_CHICA
19,1,6,9,2,SALA_CHICA
19,1,3,3.65,1,SALA_CHICA
19,1,3,3.65,0.7,SALA_CHICA
19,1,1,2,0.4,SALA_CHICA
19,1,4,4.9,0.3,SALA_CHICA
19,1,6,9,1,SALA_CHICA
19,1,6,9,1,SALA_CHICA
19,1,5,6.65,1.5,SALA_CHICA
19,1,4,4.9,1,SALA_CHICA
19,1,2,2.7,0.4,SALA_CHICA
19,1,2,2.7,0.3,SALA_CHICA
19,1,1,2,0.2,SALA_CHICA
19,1,4,4.9,0.4,SALA_CHICA
19,1,5,6.65,1,SALA_CHICA
19,1,3,3.65,0.5,SALA_CHICA
19,1,2,2.7,0.3,SALA_CHICA
19,1,1,2,0.2,SALA_CHICA
19,1,5,6.65,1.5,SALA_CHICA
19,2,2,2.7,0.5,SALA_GRANDE
19,2,4,4.9,0.5,SALA_GRANDE
19,2,6,9,1,SALA_GRANDE
19,2,6,9,0.8,SALA_GRANDE
19,2,5,6.65,0.5,SALA_GRANDE
19,2,2,2.7,0.3,SALA_GRANDE
19,2,4,4.9,0.2,SALA_GRANDE
19,2,1,2,0.1,SALA_GRANDE
19,2,2,2.7,0.8,SALA_GRANDE
19,2,5,6.65,0.6,SALA_GRANDE
19,2,3,3.65,0.4,SALA_GRANDE
19,2,3,3.65,0.4,SALA_GRANDE
19,2,3,3.65,0.3,SALA_GRANDE
19,2,4,4.9,0.2,SALA_GRANDE
19,2,1,2,0.1,SALA_GRANDE
19,2,1,2,0.05,SALA_GRANDE
19,2,5,6.65,1,SALA_GRANDE
19,2,6,9,0.8,SALA_GRANDE
20,1,1,2,0.1,SALA_GRANDE
20,1,2,2.7,0.15,SALA_GRANDE
20,1,4,4.9,0.25,SALA_GRANDE
20,1,4,4.9,0.4,SALA_GRANDE
20,1,6,9,1.5,SALA_GRANDE
20,1,2,2.7,0.5,SALA_GRANDE
20,1,5,6.65,2,SALA_GRANDE
20,1,3,3.65,1.2,SALA_GRANDE
20,1,2,2.7,0.1,SALA_GRANDE
20,1,1,2,0.05,SALA_GRANDE
20,1,4,4.9,0.2,SALA_GRANDE
20,1,6,9,0.4,SALA_GRANDE
20,1,1,2,0.15,SALA_GRANDE
20,1,6,9,1,SALA_GRANDE
20,1,3,3.65,0.7,SALA_GRANDE
20,1,3,3.65,0.5,SALA_GRANDE
20,1,5,6.65,1.5,SALA_GRANDE
20,1,5,6.65,2,SALA_GRANDE
20,2,3,3.65,0.2,SALA_CHICA
20,2,1,2,0.1,SALA_CHICA
20,2,1,2,0.1,SALA_CHICA
20,2,3,3.65,0.15,SALA_CHICA
20,2,2,2.7,0.2,SALA_CHICA
20,2,5,6.65,1.5,SALA_CHICA
20,2,6,9,2.5,SALA_CHICA
20,2,4,4.9,2,SALA_CHICA
20,2,5,6.65,2,SALA_CHICA
20,2,3,3.65,1,SALA_CHICA
20,2,6,9,1.5,SALA_CHICA
20,2,2,2.7,0.7,SALA_CHICA
20,2,2,2.7,0.5,SALA_CHICA
20,2,4,4.9,1,SALA_CHICA
20,2,5,6.65,2,SALA_CHICA
20,2,4,4.9,1.5,SALA_CHICA
20,2,6,9,2.5,SALA_CHICA
20,2,1,2,0.4,SALA_CHICA
33,1,5,6.65,10,SALA_CHICA
33,1,6,9,12,SALA_CHICA
33,1,2,2.7,5,SALA_CHICA
33,1,3,3.65,5,SALA_CHICA
33,1,1,2,1,SALA_CHICA
33,1,6,9,10,SALA_CHICA
33,1,4,4.9,7,SALA_CHICA
33,1,1,2,3,SALA_CHICA
33,1,2,2.7,2,SALA_CHICA
33,1,4,4.9,5,SALA_CHICA
33,1,2,2.7,2,SALA_CHICA
33,1,1,2,1,SALA_CHICA
33,1,3,3.65,4,SALA_CHICA
33,1,5,6.65,8,SALA_CHICA
33,1,4,4.9,6,SALA_CHICA
33,1,5,6.65,10,SALA_CHICA
33,1,3,3.65,7,SALA_CHICA
33,1,6,9,15,SALA_CHICA
33,2,5,6.65,5,SALA_GRANDE
33,2,6,9,10,SALA_GRANDE
33,2,5,6.65,7,SALA_GRANDE
33,2,3,3.65,4,SALA_GRANDE
33,2,4,4.9,5,SALA_GRANDE
33,2,6,9,10,SALA_GRANDE
33,2,4,4.9,7,SALA_GRANDE
33,2,2,2.7,5,SALA_GRANDE
33,2,3,3.65,7,SALA_GRANDE
33,2,1,2,1,SALA_GRANDE
33,2,1,2,3,SALA_GRANDE
33,2,4,4.9,7,SALA_GRANDE
33,2,2,2.7,5,SALA_GRANDE
33,2,5,6.65,10,SALA_GRANDE
33,2,2,2.7,4,SALA_GRANDE
33,2,3,3.65,5,SALA_GRANDE
33,2,6,9,10,SALA_GRANDE
33,2,1,2,1,SALA_GRANDE
42,1,2,2.7,0.6,SALA_GRANDE
42,1,3,3.65,1.5,SALA_GRANDE
42,1,1,2,0.5,SALA_GRANDE
42,1,6,9,2,SALA_GRANDE
42,1,1,2,0.5,SALA_GRANDE
42,1,2,2.7,1,SALA_GRANDE
42,1,5,6.65,2.5,SALA_GRANDE
42,1,3,3.65,1.5,SALA_GRANDE
42,1,2,2.7,0.5,SALA_GRANDE
42,1,4,4.9,1,SALA_GRANDE
42,1,1,2,0.4,SALA_GRANDE
42,1,5,6.65,1.5,SALA_GRANDE
42,1,3,3.65,1,SALA_GRANDE
42,1,6,9,2,SALA_GRANDE
42,1,4,4.9,1.5,SALA_GRANDE
42,1,6,9,3,SALA_GRANDE
42,1,5,6.65,2.5,SALA_GRANDE
42,1,4,4.9,1,SALA_GRANDE
42,2,6,9,3,SALA_CHICA
42,2,4,4.9,1.5,SALA_CHICA
42,2,5,6.65,2,SALA_CHICA
42,2,1,2,0.5,SALA_CHICA
42,2,1,2,1,SALA_CHICA
42,2,6,9,3,SALA_CHICA
42,2,4,4.9,1.5,SALA_CHICA
42,2,6,9,2,SALA_CHICA
42,2,2,2.7,1,SALA_CHICA
42,2,5,6.65,2,SALA_CHICA
42,2,3,3.65,1.5,SALA_CHICA
42,2,1,2,0.5,SALA_CHICA
42,2,4,4.9,1,SALA_CHICA
42,2,2,2.7,0.5,SALA_CHICA
42,2,3,3.65,1.5,SALA_CHICA
42,2,5,6.65,2,SALA_CHICA
42,2,3,3.65,1.5,SALA_CHICA
42,2,2,2.7,1,SALA_CHICA
43,1,3,3.65,0.5,SALA_CHICA
43,1,3,3.65,0.5,SALA_CHICA
43,1,6,9,0.8,SALA_CHICA
43,1,2,2.7,0.4,SALA_CHICA
43,1,5,6.65,0.8,SALA_CHICA
43,1,1,2,0.25,SALA_CHICA
43,1,2,2.7,0.5,SALA_CHICA
43,1,5,6.65,0.7,SALA_CHICA
43,1,2,2.7,0.25,SALA_CHICA
43,1,1,2,0.15,SALA_CHICA
43,1,4,4.9,0.3,SALA_CHICA
43,1,5,6.65,0.5,SALA_CHICA
43,1,6,9,0.7,SALA_CHICA
43,1,1,2,0.1,SALA_CHICA
43,1,4,4.9,0.15,SALA_CHICA
43,1,4,4.9,0.25,SALA_CHICA
43,1,3,3.65,0.25,SALA_CHICA
43,1,6,9,0.7,SALA_CHICA
43,2,4,4.9,0.3,SALA_GRANDE
43,2,5,6.65,0.4,SALA_GRANDE
43,2,1,2,0.1,SALA_GRANDE
43,2,2,2.7,0.15,SALA_GRANDE
43,2,3,3.65,0.3,SALA_GRANDE
43,2,6,9,0.6,SALA_GRANDE
43,2,3,3.65,0.5,SALA_GRANDE
43,2,2,2.7,0.3,SALA_GRANDE
43,2,1,2,0.2,SALA_GRANDE
43,2,6,9,0.6,SALA_GRANDE
43,2,3,3.65,0.5,SALA_GRANDE
43,2,4,4.9,0.4,SALA_GRANDE
43,2,2,2.7,0.35,SALA_GRANDE
43,2,4,4.9,0.35,SALA_GRANDE
43,2,1,2,0.15,SALA_GRANDE
43,2,6,9,0.8,SALA_GRANDE
43,2,5,6.65,0.7,SALA_GRANDE
43,2,5,6.65,0.7,SALA_GRANDE
44,1,4,4.9,4.5,SALA_GRANDE
44,1,4,4.9,3,SALA_GRANDE
44,1,3,3.65,3,SALA_GRANDE
44,1,6,9,4,SALA_GRANDE
44,1,6,9,4.25,SALA_GRANDE
44,1,5,6.65,4,SALA_GRANDE
44,1,4,4.9,3,SALA_GRANDE
44,1,3,3.65,3,SALA_GRANDE
44,1,1,2,1,SALA_GRANDE
44,1,6,9,3,SALA_GRANDE
44,1,5,6.65,4,SALA_GRANDE
44,1,2,2.7,3,SALA_GRANDE
44,1,3,3.65,2,SALA_GRANDE
44,1,2,2.7,1,SALA_GRANDE
44,1,1,2,0.5,SALA_GRANDE
44,1,2,2.7,1.5,SALA_GRANDE
44,1,1,2,0.5,SALA_GRANDE
44,1,5,6.65,2,SALA_GRANDE
44,2,5,6.65,5,SALA_CHICA
44,2,6,9,5,SALA_CHICA
44,2,1,2,0.5,SALA_CHICA
44,2,6,9,2,SALA_CHICA
44,2,2,2.7,1,SALA_CHICA
44,2,5,6.65,4,SALA_CHICA
44,2,6,9,3,SALA_CHICA
44,2,4,4.9,3,SALA_CHICA
44,2,3,3.65,2.5,SALA_CHICA
44,2,5,6.65,4,SALA_CHICA
44,2,2,2.7,1,SALA_CHICA
44,2,4,4.9,1,SALA_CHICA
44,2,3,3.65,1.5,SALA_CHICA
44,2,3,3.65,1,SALA_CHICA
44,2,1,2,0.5,SALA_CHICA
44,2,4,4.9,1,SALA_CHICA
44,2,1,2,1,SALA_CHICA
44,2,2,2.7,1.5,SALA_CHICA
45,1,5,6.65,4.5,SALA_CHICA
45,1,6,9,6,SALA_CHICA
45,1,4,4.9,3,SALA_CHICA
45,1,1,2,2,SALA_CHICA
45,1,5,6.65,4,SALA_CHICA
45,1,2,2.7,3,SALA_CHICA
45,1,6,9,7,SALA_CHICA
45,1,3,3.65,4,SALA_CHICA
45,1,1,2,3,SALA_CHICA
45,1,1,2,2.5,SALA_CHICA
45,1,4,4.9,5,SALA_CHICA
45,1,5,6.65,7,SALA_CHICA
45,1,3,3.65,6,SALA_CHICA
45,1,4,4.9,4,SALA_CHICA
45,1,2,2.7,2.5,SALA_CHICA
45,1,3,3.65,2,SALA_CHICA
45,1,6,9,5,SALA_CHICA
45,1,2,2.7,2,SALA_CHICA
45,2,1,2,3,SALA_GRANDE
45,2,2,2.7,3.5,SALA_GRANDE
45,2,1,2,2,SALA_GRANDE
45,2,2,2.7,2,SALA_GRANDE
45,2,5,6.65,5,SALA_GRANDE
45,2,3,3.65,6,SALA_GRANDE
45,2,4,4.9,5,SALA_GRANDE
45,2,2,2.7,4,SALA_GRANDE
45,2,6,9,8,SALA_GRANDE
45,2,6,9,8.5,SALA_GRANDE
45,2,5,6.65,6,SALA_GRANDE
45,2,3,3.65,3,SALA_GRANDE
45,2,1,2,2.5,SALA_GRANDE
45,2,5,6.65,6,SALA_GRANDE
45,2,4,4.9,4,SALA_GRANDE
45,2,6,9,5.5,SALA_GRANDE
45,2,3,3.65,4,SALA_GRANDE
45,2,4,4.9,3,SALA_GRANDE
46,1,6,9,2,SALA_GRANDE
46,1,5,6.65,2.5,SALA_GRANDE
46,1,3,3.65,1,SALA_GRANDE
46,1,4,4.9,1.2,SALA_GRANDE
46,1,6,9,2.5,SALA_GRANDE
46,1,5,6.65,3,SALA_GRANDE
46,1,6,9,4,SALA_GRANDE
46,1,4,4.9,2,SALA_GRANDE
46,1,4,4.9,1,SALA_GRANDE
46,1,1,2,0.2,SALA_GRANDE
46,1,1,2,0.15,SALA_GRANDE
46,1,3,3.65,0.2,SALA_GRANDE
46,1,1,2,0.15,SALA_GRANDE
46,1,2,2.7,0.25,SALA_GRANDE
46,1,3,3.65,0.5,SALA_GRANDE
46,1,2,2.7,1,SALA_GRANDE
46,1,5,6.65,2,SALA_GRANDE
46,1,2,2.7,1,SALA_GRANDE
46,1,6,9,2,SALA_GRANDE
46,1,5,6.65,2.5,SALA_GRANDE
46,1,3,3.65,1,SALA_GRANDE
46,1,4,4.9,0.5,SALA_GRANDE
46,1,6,9,3,SALA_GRANDE
46,1,5,6.65,4,SALA_GRANDE
46,1,6,9,5,SALA_GRANDE
46,1,4,4.9,3,SALA_GRANDE
46,1,4,4.9,1,SALA_GRANDE
46,1,1,2,0.2,SALA_GRANDE
46,1,1,2,0.1,SALA_GRANDE
46,1,3,3.65,0.15,SALA_GRANDE
46,1,1,2,0.1,SALA_GRANDE
46,1,2,2.7,0.2,SALA_GRANDE
46,1,3,3.65,0.4,SALA_GRANDE
46,1,2,2.7,0.3,SALA_GRANDE
46,1,5,6.65,1,SALA_GRANDE
46,1,2,2.7,0.4,SALA_GRANDE
47,1,1,2,1,SALA_CHICA
47,1,4,4.9,6,SALA_CHICA
47,1,2,2.7,5,SALA_CHICA
47,1,4,4.9,6,SALA_CHICA
47,1,6,9,9,SALA_CHICA
47,1,5,6.65,11,SALA_CHICA
47,1,5,6.65,12,SALA_CHICA
47,1,4,4.9,6,SALA_CHICA
47,1,1,2,1,SALA_CHICA
47,1,6,9,10,SALA_CHICA
47,1,3,3.65,8,SALA_CHICA
47,1,6,9,11,SALA_CHICA
47,1,2,2.7,3,SALA_CHICA
47,1,2,2.7,1,SALA_CHICA
47,1,5,6.65,11,SALA_CHICA
47,1,1,2,1,SALA_CHICA
47,1,3,3.65,6,SALA_CHICA
47,1,3,3.65,9,SALA_CHICA
47,2,1,2,2,SALA_GRANDE
47,2,2,2.7,5,SALA_GRANDE
47,2,1,2,1,SALA_GRANDE
47,2,3,3.65,8,SALA_GRANDE
47,2,6,9,11,SALA_GRANDE
47,2,3,3.65,7,SALA_GRANDE
47,2,2,2.7,5,SALA_GRANDE
47,2,3,3.65,6,SALA_GRANDE
47,2,6,9,11,SALA_GRANDE
47,2,1,2,1,SALA_GRANDE
47,2,4,4.9,5,SALA_GRANDE
47,2,4,4.9,4,SALA_GRANDE
47,2,5,6.65,7,SALA_GRANDE
47,2,4,4.9,5,SALA_GRANDE
47,2,6,9,8,SALA_GRANDE
47,2,2,2.7,3,SALA_GRANDE
47,2,5,6.65,7,SALA_GRANDE
47,2,5,6.65,9,SALA_GRANDE
48,1,2,2.7,0.7,SALA_GRANDE
48,1,2,2.7,0.4,SALA_GRANDE
48,1,4,4.9,0.8,SALA_GRANDE
48,1,6,9,1.15,SALA_GRANDE
48,1,5,6.65,1,SALA_GRANDE
48,1,5,6.65,1,SALA_GRANDE
48,1,6,9,1.3,SALA_GRANDE
48,1,6,9,1.5,SALA_GRANDE
48,1,3,3.65,0.2,SALA_GRANDE
48,1,1,2,0.1,SALA_GRANDE
48,1,4,4.9,0.3,SALA_GRANDE
48,1,3,3.65,0.5,SALA_GRANDE
48,1,1,2,0.15,SALA_GRANDE
48,1,1,2,0.1,SALA_GRANDE
48,1,5,6.65,0.5,SALA_GRANDE
48,1,4,4.9,0.7,SALA_GRANDE
48,1,2,2.7,0.8,SALA_GRANDE
48,1,3,3.65,1,SALA_GRANDE
48,2,5,6.65,0.8,SALA_CHICA
48,2,4,4.9,0.5,SALA_CHICA
48,2,1,2,0.25,SALA_CHICA
48,2,2,2.7,0.7,SALA_CHICA
48,2,5,6.65,0.9,SALA_CHICA
48,2,3,3.65,1,SALA_CHICA
48,2,4,4.9,0.9,SALA_CHICA
48,2,1,2,0.3,SALA_CHICA
48,2,5,6.65,0.9,SALA_CHICA
48,2,4,4.9,0.9,SALA_CHICA
48,2,3,3.65,0.7,SALA_CHICA
48,2,2,2.7,0.6,SALA_CHICA
48,2,3,3.65,0.5,SALA_CHICA
48,2,6,9,1,SALA_CHICA
48,2,2,2.7,0.4,SALA_CHICA
48,2,6,9,1,SALA_CHICA
48,2,1,2,0.25,SALA_CHICA
48,2,6,9,1.1,SALA_CHICA
49,1,3,3.65,1.7,SALA_CHICA
49,1,5,6.65,1,SALA_CHICA
49,1,4,4.9,0.8,SALA_CHICA
49,1,3,3.65,0.7,SALA_CHICA
49,1,4,4.9,1.1,SALA_CHICA
49,1,4,4.9,1,SALA_CHICA
49,1,1,2,0.5,SALA_CHICA
49,1,1,2,0.4,SALA_CHICA
49,1,1,2,0.4,SALA_CHICA
49,1,2,2.7,0.7,SALA_CHICA
49,1,6,9,1.3,SALA_CHICA
49,1,6,9,1.4,SALA_CHICA
49,1,2,2.7,1.1,SALA_CHICA
49,1,5,6.65,2,SALA_CHICA
49,1,3,3.65,1.5,SALA_CHICA
49,1,6,9,2,SALA_CHICA
49,1,2,2.7,0.8,SALA_CHICA
49,1,5,6.65,2,SALA_CHICA
49,2,5,6.65,0.8,SALA_GRANDE
49,2,6,9,1.1,SALA_GRANDE
49,2,3,3.65,1.3,SALA_GRANDE
49,2,1,2,0.5,SALA_GRANDE
49,2,4,4.9,0.8,SALA_GRANDE
49,2,5,6.65,1.8,SALA_GRANDE
49,2,2,2.7,1,SALA_GRANDE
49,2,1,2,0.5,SALA_GRANDE
49,2,3,3.65,1,SALA_GRANDE
49,2,1,2,1,SALA_GRANDE
49,2,4,4.9,1.5,SALA_GRANDE
49,2,2,2.7,0.8,SALA_GRANDE
49,2,5,6.65,2,SALA_GRANDE
49,2,6,9,2.2,SALA_GRANDE
49,2,4,4.9,1.5,SALA_GRANDE
49,2,2,2.7,1.2,SALA_GRANDE
49,2,6,9,1.5,SALA_GRANDE
49,2,3,3.65,1,SALA_GRANDE
50,1,4,4.9,3,SALA_GRANDE
50,1,1,2,2,SALA_GRANDE
50,1,4,4.9,3,SALA_GRANDE
50,1,4,4.9,3,SALA_GRANDE
50,1,2,2.7,2,SALA_GRANDE
50,1,1,2,1.5,SALA_GRANDE
50,1,5,6.65,3,SALA_GRANDE
50,1,3,3.65,2,SALA_GRANDE
50,1,2,2.7,1.5,SALA_GRANDE
50,1,3,3.65,1.5,SALA_GRANDE
50,1,2,2.7,1,SALA_GRANDE
50,1,5,6.65,3,SALA_GRANDE
50,1,6,9,4,SALA_GRANDE
50,1,6,9,5,SALA_GRANDE
50,1,3,3.65,2,SALA_GRANDE
50,1,1,2,1,SALA_GRANDE
50,1,5,6.65,4,SALA_GRANDE
50,1,6,9,5,SALA_GRANDE
50,2,6,9,3,SALA_CHICA
50,2,4,4.9,2,SALA_CHICA
50,2,3,3.65,1.75,SALA_CHICA
50,2,6,9,3.5,SALA_CHICA
50,2,6,9,4,SALA_CHICA
50,2,2,2.7,1,SALA_CHICA
50,2,2,2.7,1,SALA_CHICA
50,2,3,3.65,1,SALA_CHICA
50,2,5,6.65,3,SALA_CHICA
50,2,5,6.65,2.5,SALA_CHICA
50,2,1,2,1,SALA_CHICA
50,2,4,4.9,2,SALA_CHICA
50,2,1,2,1.5,SALA_CHICA
50,2,2,2.7,1.5,SALA_CHICA
50,2,5,6.65,3,SALA_CHICA
50,2,1,2,1,SALA_CHICA
50,2,4,4.9,2,SALA_CHICA
50,2,3,3.65,2,SALA_CHICA
34,1,6,9,5,SALA_GRANDE
34,1,6,9,7,SALA_GRANDE
34,1,3,3.65,2,SALA_GRANDE
34,1,4,4.9,4,SALA_GRANDE
34,1,5,6.65,6,SALA_GRANDE
34,1,2,2.7,2,SALA_GRANDE
34,1,6,9,7,SALA_GRANDE
34,1,1,2,1,SALA_GRANDE
34,1,4,4.9,7,SALA_GRANDE
34,1,2,2.7,5,SALA_GRANDE
34,1,1,2,2,SALA_GRANDE
34,1,1,2,1.5,SALA_GRANDE
34,1,3,3.65,3,SALA_GRANDE
34,1,5,6.65,7,SALA_GRANDE
34,1,2,2.7,3,SALA_GRANDE
34,1,3,3.65,5,SALA_GRANDE
34,1,4,4.9,7,SALA_GRANDE
34,1,5,6.65,9,SALA_GRANDE
34,2,4,4.9,3,SALA_CHICA
34,2,6,9,5,SALA_CHICA
34,2,2,2.7,2,SALA_CHICA
34,2,2,2.7,1,SALA_CHICA
34,2,5,6.65,5,SALA_CHICA
34,2,4,4.9,5,SALA_CHICA
34,2,2,2.7,1,SALA_CHICA
34,2,5,6.65,6,SALA_CHICA
34,2,6,9,5,SALA_CHICA
34,2,1,2,1,SALA_CHICA
34,2,3,3.65,2,SALA_CHICA
34,2,3,3.65,3,SALA_CHICA
34,2,6,9,6,SALA_CHICA
34,2,5,6.65,7,SALA_CHICA
34,2,1,2,1,SALA_CHICA
34,2,1,2,1,SALA_CHICA
34,2,4,4.9,4,SALA_CHICA
34,2,3,3.65,2,SALA_CHICA
35,1,1,2,0.25,SALA_CHICA
35,1,3,3.65,2,SALA_CHICA
35,1,2,2.7,1,SALA_CHICA
35,1,5,6.65,4,SALA_CHICA
35,1,3,3.65,2.5,SALA_CHICA
35,1,4,4.9,2,SALA_CHICA
35,1,5,6.65,2,SALA_CHICA
35,1,1,2,0.3,SALA_CHICA
35,1,4,4.9,2,SALA_CHICA
35,1,6,9,4,SALA_CHICA
35,1,5,6.65,4,SALA_CHICA
35,1,6,9,6,SALA_CHICA
35,1,2,2.7,1,SALA_CHICA
35,1,6,9,3.5,SALA_CHICA
35,1,2,2.7,1,SALA_CHICA
35,1,1,2,0.5,SALA_CHICA
35,1,3,3.65,2.25,SALA_CHICA
35,1,4,4.9,2.5,SALA_CHICA
35,2,6,9,3,SALA_GRANDE
35,2,1,2,0.5,SALA_GRANDE
35,2,1,2,0.45,SALA_GRANDE
35,2,2,2.7,1.15,SALA_GRANDE
35,2,4,4.9,2,SALA_GRANDE
35,2,2,2.7,2,SALA_GRANDE
35,2,5,6.65,3.5,SALA_GRANDE
35,2,4,4.9,3.5,SALA_GRANDE
35,2,6,9,5,SALA_GRANDE
35,2,6,9,5,SALA_GRANDE
35,2,3,3.65,4,SALA_GRANDE
35,2,3,3.65,3.75,SALA_GRANDE
35,2,1,2,1,SALA_GRANDE
35,2,2,2.7,1.25,SALA_GRANDE
35,2,5,6.65,3,SALA_GRANDE
35,2,4,4.9,3.25,SALA_GRANDE
35,2,3,3.65,3,SALA_GRANDE
35,2,5,6.65,4,SALA_GRANDE
36,1,2,2.7,0.5,SALA_GRANDE
36,1,2,2.7,0.5,SALA_GRANDE
36,1,4,4.9,1,SALA_GRANDE
36,1,6,9,2,SALA_GRANDE
36,1,5,6.65,3,SALA_GRANDE
36,1,4,4.9,1,SALA_GRANDE
36,1,4,4.9,1,SALA_GRANDE
36,1,6,9,2,SALA_GRANDE
36,1,6,9,3,SALA_GRANDE
36,1,5,6.65,3,SALA_GRANDE
36,1,1,2,1,SALA_GRANDE
36,1,2,2.7,1.5,SALA_GRANDE
36,1,3,3.65,2,SALA_GRANDE
36,1,1,2,1,SALA_GRANDE
36,1,3,3.65,2,SALA_GRANDE
36,1,1,2,1,SALA_GRANDE
36,1,5,6.65,3,SALA_GRANDE
36,1,3,3.65,1.5,SALA_GRANDE
36,2,1,2,1,SALA_CHICA
36,2,4,4.9,3,SALA_CHICA
36,2,6,9,4,SALA_CHICA
36,2,5,6.65,5,SALA_CHICA
36,2,2,2.7,1.5,SALA_CHICA
36,2,4,4.9,2,SALA_CHICA
36,2,5,6.65,3.5,SALA_CHICA
36,2,1,2,1,SALA_CHICA
36,2,3,3.65,2,SALA_CHICA
36,2,2,2.7,2,SALA_CHICA
36,2,6,9,3.5,SALA_CHICA
36,2,5,6.65,3,SALA_CHICA
36,2,3,3.65,2,SALA_CHICA
36,2,3,3.65,1.5,SALA_CHICA
36,2,4,4.9,2.5,SALA_CHICA
36,2,2,2.7,2,SALA_CHICA
36,2,1,2,1,SALA_CHICA
36,2,6,9,4,SALA_CHICA
37,1,3,3.65,3,SALA_CHICA
37,1,3,3.65,3,SALA_CHICA
37,1,6,9,5,SALA_CHICA
37,1,3,3.65,3,SALA_CHICA
37,1,2,2.7,4,SALA_CHICA
37,1,4,4.9,5,SALA_CHICA
37,1,4,4.9,6,SALA_CHICA
37,1,5,6.65,7,SALA_CHICA
37,1,5,6.65,7,SALA_CHICA
37,1,1,2,3,SALA_CHICA
37,1,2,2.7,3,SALA_CHICA
37,1,4,4.9,4,SALA_CHICA
37,1,1,2,2,SALA_CHICA
37,1,1,2,1,SALA_CHICA
37,1,5,6.65,5,SALA_CHICA
37,1,2,2.7,3,SALA_CHICA
37,1,6,9,6,SALA_CHICA
37,1,6,9,8,SALA_CHICA
37,2,3,3.65,3,SALA_GRANDE
37,2,4,4.9,4,SALA_GRANDE
37,2,6,9,6,SALA_GRANDE
37,2,3,3.65,5,SALA_GRANDE
37,2,5,6.65,8,SALA_GRANDE
37,2,6,9,9,SALA_GRANDE
37,2,1,2,3,SALA_GRANDE
37,2,1,2,2,SALA_GRANDE
37,2,1,2,2,SALA_GRANDE
37,2,2,2.7,3,SALA_GRANDE
37,2,5,6.65,6,SALA_GRANDE
37,2,6,9,7,SALA_GRANDE
37,2,4,4.9,6,SALA_GRANDE
37,2,2,2.7,2,SALA_GRANDE
37,2,2,2.7,1,SALA_GRANDE
37,2,5,6.65,6,SALA_GRANDE
37,2,4,4.9,7,SALA_GRANDE
37,2,3,3.65,5,SALA_GRANDE
37,1,3,3.65,5.5,SALA_GRANDE
37,1,3,3.65,6,SALA_GRANDE
37,1,6,9,8,SALA_GRANDE
37,1,3,3.65,7.5,SALA_GRANDE
37,1,2,2.7,3.75,SALA_GRANDE
37,1,4,4.9,2.7,SALA_GRANDE
37,1,4,4.9,2,SALA_GRANDE
37,1,5,6.65,4,SALA_GRANDE
37,1,5,6.65,2,SALA_GRANDE
37,1,1,2,1,SALA_GRANDE
37,1,2,2.7,2.5,SALA_GRANDE
37,1,4,4.9,3,SALA_GRANDE
37,1,1,2,1,SALA_GRANDE
37,1,1,2,1.75,SALA_GRANDE
37,1,5,6.65,9,SALA_GRANDE
37,1,2,2.7,4,SALA_GRANDE
37,1,6,9,10,SALA_GRANDE
37,1,6,9,9.5,SALA_GRANDE
38,2,4,4.9,1,SALA_CHICA
38,2,5,6.65,4,SALA_CHICA
38,2,3,3.65,2,SALA_CHICA
38,2,5,6.65,5,SALA_CHICA
38,2,5,6.65,7,SALA_CHICA
38,2,2,2.7,2,SALA_CHICA
38,2,2,2.7,3,SALA_CHICA
38,2,6,9,6,SALA_CHICA
38,2,1,2,1,SALA_CHICA
38,2,1,2,1,SALA_CHICA
38,2,4,4.9,3,SALA_CHICA
38,2,6,9,5,SALA_CHICA
38,2,2,2.7,2,SALA_CHICA
38,2,3,3.65,3.5,SALA_CHICA
38,2,6,9,7,SALA_CHICA
38,2,3,3.65,5.5,SALA_CHICA
38,2,4,4.9,4,SALA_CHICA
38,2,1,2,1.5,SALA_CHICA
39,1,5,6.65,5,SALA_CHICA
39,1,3,3.65,4,SALA_CHICA
39,1,1,2,1,SALA_CHICA
39,1,6,9,4,SALA_CHICA
39,1,6,9,5,SALA_CHICA
39,1,1,2,1,SALA_CHICA
39,1,5,6.65,5,SALA_CHICA
39,1,2,2.7,1,SALA_CHICA
39,1,5,6.65,4,SALA_CHICA
39,1,2,2.7,1,SALA_CHICA
39,1,3,3.65,2,SALA_CHICA
39,1,4,4.9,3,SALA_CHICA
39,1,2,2.7,1,SALA_CHICA
39,1,4,4.9,2,SALA_CHICA
39,1,1,2,1,SALA_CHICA
39,1,6,9,4,SALA_CHICA
39,1,3,3.65,2,SALA_CHICA
39,1,4,4.9,2,SALA_CHICA
39,2,5,6.65,2,SALA_GRANDE
39,2,3,3.65,1,SALA_GRANDE
39,2,6,9,4,SALA_GRANDE
39,2,6,9,3,SALA_GRANDE
39,2,2,2.7,1,SALA_GRANDE
39,2,4,4.9,1,SALA_GRANDE
39,2,1,2,0.5,SALA_GRANDE
39,2,4,4.9,1,SALA_GRANDE
39,2,5,6.65,3,SALA_GRANDE
39,2,1,2,1,SALA_GRANDE
39,2,3,3.65,2,SALA_GRANDE
39,2,3,3.65,2,SALA_GRANDE
39,2,5,6.65,4,SALA_GRANDE
39,2,1,2,1,SALA_GRANDE
39,2,4,4.9,3,SALA_GRANDE
39,2,2,2.7,1,SALA_GRANDE
39,2,6,9,3,SALA_GRANDE
39,2,2,2.7,1,SALA_GRANDE
40,1,6,9,4,SALA_GRANDE
40,1,3,3.65,2,SALA_GRANDE
40,1,3,3.65,2,SALA_GRANDE
40,1,1,2,1,SALA_GRANDE
40,1,4,4.9,3,SALA_GRANDE
40,1,6,9,4,SALA_GRANDE
40,1,6,9,5,SALA_GRANDE
40,1,5,6.65,3.5,SALA_GRANDE
40,1,4,4.9,2,SALA_GRANDE
40,1,2,2.7,2,SALA_GRANDE
40,1,2,2.7,1.5,SALA_GRANDE
40,1,1,2,1,SALA_GRANDE
40,1,4,4.9,2,SALA_GRANDE
40,1,5,6.65,3,SALA_GRANDE
40,1,3,3.65,2,SALA_GRANDE
40,1,2,2.7,2,SALA_GRANDE
40,1,1,2,1,SALA_GRANDE
40,1,5,6.65,3,SALA_GRANDE
40,2,2,2.7,2,SALA_CHICA
40,2,4,4.9,3,SALA_CHICA
40,2,6,9,4,SALA_CHICA
40,2,6,9,4,SALA_CHICA
40,2,5,6.65,3,SALA_CHICA
40,2,2,2.7,2,SALA_CHICA
40,2,4,4.9,2,SALA_CHICA
40,2,1,2,1.5,SALA_CHICA
40,2,2,2.7,1.5,SALA_CHICA
40,2,5,6.65,3,SALA_CHICA
40,2,3,3.65,2.5,SALA_CHICA
40,2,3,3.65,2.5,SALA_CHICA
40,2,3,3.65,2.5,SALA_CHICA
40,2,4,4.9,3,SALA_CHICA
40,2,1,2,1.5,SALA_CHICA
40,2,1,2,1.5,SALA_CHICA
40,2,5,6.65,3,SALA_CHICA
40,2,6,9,4,SALA_CHICA
41,1,1,2,1,SALA_CHICA
41,1,2,2.7,1.5,SALA_CHICA
41,1,4,4.9,2,SALA_CHICA
41,1,4,4.9,2,SALA_CHICA
41,1,6,9,2.5,SALA_CHICA
41,1,2,2.7,1.5,SALA_CHICA
41,1,5,6.65,2,SALA_CHICA
41,1,3,3.65,1.8,SALA_CHICA
41,1,2,2.7,2,SALA_CHICA
41,1,1,2,1,SALA_CHICA
41,1,4,4.9,1.5,SALA_CHICA
41,1,6,9,2,SALA_CHICA
41,1,1,2,0.5,SALA_CHICA
41,1,6,9,2,SALA_CHICA
41,1,3,3.65,1.5,SALA_CHICA
41,1,3,3.65,1,SALA_CHICA
41,1,5,6.65,2,SALA_CHICA
41,1,5,6.65,2.2,SALA_CHICA
41,2,3,3.65,1,SALA_GRANDE
41,2,1,2,0.5,SALA_GRANDE
41,2,1,2,0.3,SALA_GRANDE
41,2,3,3.65,1,SALA_GRANDE
41,2,2,2.7,1.5,SALA_GRANDE
41,2,5,6.65,2.5,SALA_GRANDE
41,2,6,9,3,SALA_GRANDE
41,2,4,4.9,2,SALA_GRANDE
41,2,5,6.65,2,SALA_GRANDE
41,2,3,3.65,1,SALA_GRANDE
41,2,6,9,2,SALA_GRANDE
41,2,2,2.7,0.8,SALA_GRANDE
41,2,2,2.7,0.5,SALA_GRANDE
41,2,4,4.9,1,SALA_GRANDE
41,2,5,6.65,2,SALA_GRANDE
41,2,4,4.9,1.5,SALA_GRANDE
41,2,6,9,2.3,SALA_GRANDE
41,2,1,2,0.5,SALA_GRANDE
